Workbook

Sheet 2023 Yield
N1: Tomatoes | Y1: Potatoes | AF1: Day Total
A2: Date | B2: Raspberries | C2: Strawberries | D2: Snap Peas | E2: Green Beans | F2: Green Bean Seeds | G2: Onions (qty) | H2: Broccoli | I2: Blueberries | J2: Cucumber | K2: Green Pepper | L2: Plum | M2: Black Berries | N2: Small | O2: Golden Cherry | P2: Large | Q2: Heirloom | R2: Golden Jubilee | S2: San Marzano | T2: Peaches | U2: Corn | V2: Corn Seeds | W2: Banana Pepper | X2: Acorn Squash | Y2: Red | Z2: Yellow/Yukon | AA2: Butternut Squash | AB2: Jalapeno | AC2: Zucchini | AD2: Pumpkin | AE2: Brussel Sprouts | AF2: Grams | AG2: Pounds
A3: N/A | C3: 60 | D3: 12 | G3: 6 | AF3: =SUM(B3:AD3) -> 78 | AG3: =AF3/$AI$7 -> 0.17195767
A4: 45093 | B4: 79 | C4: 20 | AF4: =SUM(B4:AD4) -> 99 | AG4: =AF4/$AI$7 -> 0.21825397
A5: 45094 | B5: 31 | C5: 49 | AF5: =SUM(B5:AD5) -> 80 | AG5: =AF5/$AI$7 -> 0.17636684
A6: 45095 | B6: 73 | AF6: =SUM(B6:AD6) -> 73 | AG6: =AF6/$AI$7 -> 0.16093474
A7: 45097 | B7: 90 | AF7: =SUM(B7:AD7) -> 90 | AG7: =AF7/$AI$7 -> 0.1984127 | AI7: 453.6
A8: 45098 | B8: 64 | AF8: =SUM(B8:AD8) -> 64 | AG8: =AF8/$AI$7 -> 0.14109347
A9: 45101 | B9: 145 | C9: 7 | AF9: =SUM(B9:AD9) -> 152 | AG9: =AF9/$AI$7 -> 0.335097
A10: 45102 | B10: =139+43 -> 182 | H10: 41 | AF10: =SUM(B10:AD10) -> 223 | AG10: =AF10/$AI$7 -> 0.49162258
A11: 45103 | B11: 140 | AF11: =SUM(B11:AD11) -> 140 | AG11: =AF11/$AI$7 -> 0.30864198
A12: 45105 | B12: 110 | C12: 4 | AF12: =SUM(B12:AD12) -> 114 | AG12: =AF12/$AI$7 -> 0.25132275
A13: 45106 | B13: 93 | AF13: =SUM(B13:AD13) -> 93 | AG13: =AF13/$AI$7 -> 0.20502645
A14: 45108 | B14: 93 | AF14: =SUM(B14:AD14) -> 93 | AG14: =AF14/$AI$7 -> 0.20502645
A15: 45109 | B15: 86 | I15: 1 | AF15: =SUM(B15:AD15) -> 87 | AG15: =AF15/$AI$7 -> 0.19179894
A16: 45111 | B16: 62 | D16: 6 | I16: 1 | AF16: =SUM(B16:AD16) -> 69 | AG16: =AF16/$AI$7 -> 0.1521164
A17: 45113 | B17: 22 | C17: 25 | AF17: =SUM(B17:AD17) -> 47 | AG17: =AF17/$AI$7 -> 0.10361552
A18: 45114 | B18: 10 | AF18: =SUM(B18:AD18) -> 10 | AG18: =AF18/$AI$7 -> 0.022045855
A19: 45116 | B19: 5 | C19: 16 | H19: 13 | N19: 14 | AF19: =SUM(B19:AD19) -> 48 | AG19: =AF19/$AI$7 -> 0.10582011
A20: 45118 | N20: 33 | AF20: =SUM(B20:AD20) -> 33 | AG20: =AF20/$AI$7 -> 0.072751323
A21: 45121 | C21: 28 | D21: 18 | E21: 58 | AF21: =SUM(B21:AD21) -> 104 | AG21: =AF21/$AI$7 -> 0.2292769
A22: 45122 | B22: 22 | C22: 68 | E22: 88 | J22: 285 | N22: 32 | AF22: =SUM(B22:AD22) -> 495 | AG22: =AF22/$AI$7 -> 1.0912698
A23: 45123 | E23: 22 | AF23: =SUM(B23:AD23) -> 22 | AG23: =AF23/$AI$7 -> 0.048500882
A24: 45124 | E24: 108 | AF24: =SUM(B24:AD24) -> 108 | AG24: =AF24/$AI$7 -> 0.23809524
A25: 45126 | C25: 26 | E25: 330 | N25: 77 | P25: 380 | AF25: =SUM(B25:AD25) -> 813 | AG25: =AF25/$AI$7 -> 1.792328
A26: 45127 | C26: 22 | E26: 158 | AF26: =SUM(B26:AD26) -> 180 | AG26: =AF26/$AI$7 -> 0.3968254
A27: 45128 | L27: 33 | N27: 25 | AF27: =SUM(B27:AD27) -> 58 | AG27: =AF27/$AI$7 -> 0.12786596
A28: 45129 | E28: =164+98 -> 262 | M28: 26 | AF28: =SUM(B28:AD28) -> 288 | AG28: =AF28/$AI$7 -> 0.63492063
A29: 45130 | E29: 526 | N29: 21 | S29: 27 | AF29: =SUM(B29:AD29) -> 574 | AG29: =AF29/$AI$7 -> 1.2654321
A30: 45131 | C30: 25 | E30: 112 | N30: 58 | AF30: =SUM(B30:AD30) -> 195 | AG30: =AF30/$AI$7 -> 0.42989418
A31: 45132 | C31: 15 | E31: 194 | K31: 70 | AF31: =SUM(B31:AD31) -> 279 | AG31: =AF31/$AI$7 -> 0.61507937
A32: 45133 | L32: 172 | AF32: =SUM(B32:AD32) -> 172 | AG32: =AF32/$AI$7 -> 0.37918871
A33: 45134 | C33: 19 | E33: 214 | L33: 174 | N33: 65 | AF33: =SUM(B33:AD33) -> 472 | AG33: =AF33/$AI$7 -> 1.0405644
A34: 45135 | C34: 19 | E34: 382 | N34: 124 | P34: 174 | AF34: =SUM(B34:AD34) -> 699 | AG34: =AF34/$AI$7 -> 1.5410053
A35: 45136 | E35: 129 | I35: 1 | N35: 30 | O35: 25 | R35: 127 | AF35: =SUM(B35:AD35) -> 312 | AG35: =AF35/$AI$7 -> 0.68783069
A36: 45138 | C36: 41 | E36: =230+129 -> 359 | L36: =596+495-203-181+96+511 -> 1314 | M36: =318+128 -> 446 | N36: 87 | AF36: =SUM(B36:AD36) -> 2247 | AG36: =AF36/$AI$7 -> 4.9537037
A37: 45139 | E37: 15 | O37: 36 | R37: 98 | AF37: =SUM(B37:AD37) -> 149 | AG37: =AF37/$AI$7 -> 0.32848325
A38: 45140 | C38: 18 | E38: 166 | N38: 25 | O38: 34 | AF38: =SUM(B38:AD38) -> 243 | AG38: =AF38/$AI$7 -> 0.53571429
A39: 45143 | C39: 24 | E39: =751+476 -> 1227 | N39: 27 | O39: 85 | R39: =25+66 -> 91 | S39: =115+66 -> 181 | AF39: =SUM(B39:AD39) -> 1635 | AG39: =AF39/$AI$7 -> 3.6044974
A40: 45144 | C40: 52 | E40: 102 | J40: 327 | O40: 37 | S40: 30 | AF40: =SUM(B40:AD40) -> 548 | AG40: =AF40/$AI$7 -> 1.2081129
A41: 45145 | N41: 18 | O41: 31 | R41: 97 | S41: 30 | AF41: =SUM(B41:AD41) -> 176 | AG41: =AF41/$AI$7 -> 0.38800705
A42: 45146 | E42: 286 | AF42: =SUM(B42:AD42) -> 286 | AG42: =AF42/$AI$7 -> 0.63051146
A43: 45148 | C43: 12 | E43: 363 | N43: 204 | O43: 109 | P43: 276 | Q43: 276 | S43: 653 | AF43: =SUM(B43:AD43) -> 1893 | AG43: =AF43/$AI$7 -> 4.1732804
A44: 45149 | C44: 39 | AF44: =SUM(B44:AD44) -> 39 | AG44: =AF44/$AI$7 -> 0.085978836
A45: 45150 | C45: 12 | E45: 184 | N45: 3 | O45: 33 | P45: 447 | S45: 21 | AF45: =SUM(B45:AD45) -> 700 | AG45: =AF45/$AI$7 -> 1.5432099
A46: 45151 | E46: 102 | J46: 353 | N46: 20 | O46: 20 | P46: 433 | S46: 152 | T46: =333+1408 -> 1741 | AF46: =SUM(B46:AD46) -> 2821 | AG46: =AF46/$AI$7 -> 6.2191358
A47: 45154 | E47: 345 | N47: 25 | O47: 44 | P47: 159 | R47: 174 | S47: 42 | AF47: =SUM(B47:AD47) -> 789 | AG47: =AF47/$AI$7 -> 1.739418
A48: 45156 | C48: 31 | E48: 188 | N48: =41+29 -> 70 | O48: =39+63 -> 102 | P48: 91 | S48: =68+177 -> 245 | AF48: =SUM(B48:AD48) -> 727 | AG48: =AF48/$AI$7 -> 1.6027337
A49: 45157 | C49: 23 | E49: 107 | O49: 36 | S49: 36 | AF49: =SUM(B49:AD49) -> 202 | AG49: =AF49/$AI$7 -> 0.44532628
A50: 45159 | N50: 33 | O50: 39 | P50: 115 | U50: 186 | AF50: =SUM(B50:AD50) -> 373 | AG50: =AF50/$AI$7 -> 0.82231041
A51: 45160 | C51: 70 | E51: 73 | N51: 38 | O51: 40 | P51: 58 | R51: 303 | S51: 217 | U51: 461 | W51: 20 | X51: 1241 | AF51: =SUM(B51:AD51) -> 2521 | AG51: =AF51/$AI$7 -> 5.5577601
A52: 45163 | C52: 10 | E52: 466 | N52: 59 | Q52: 939 | S52: 85 | AF52: =SUM(B52:AD52) -> 1559 | AG52: =AF52/$AI$7 -> 3.4369489
A53: 45164 | C53: 7 | O53: 22 | P53: 796 | S53: 174 | AF53: =SUM(B53:AD53) -> 999 | AG53: =AF53/$AI$7 -> 2.202381
A54: 45165 | C54: 9 | E54: 465 | N54: 22 | P54: 317 | R54: 62 | S54: 331 | Y54: 410 | AA54: 927 | AF54: =SUM(B54:AD54) -> 2543 | AG54: =AF54/$AI$7 -> 5.606261
A55: 45168 | P55: 295 | AF55: =SUM(B55:AD55) -> 295 | AG55: =AF55/$AI$7 -> 0.65035273
A56: 45171 | C56: 13 | E56: 51 | N56: 41 | O56: 10 | R56: 83 | S56: 131 | AB56: =18+41 -> 59 | AF56: =SUM(B56:AD56) -> 388 | AG56: =AF56/$AI$7 -> 0.85537919
A57: 45172 | C57: 18 | E57: 57 | N57: 25 | O57: 13 | P57: 165 | R57: 91 | S57: 153 | AF57: =SUM(B57:AD57) -> 522 | AG57: =AF57/$AI$7 -> 1.1507937
A58: 45174 | E58: 94 | N58: 9 | Q58: 24 | S58: 25 | AF58: =SUM(B58:AD58) -> 152 | AG58: =AF58/$AI$7 -> 0.335097
A59: 45175 | U59: =395+594+226 -> 1215 | AF59: =SUM(B59:AD59) -> 1215 | AG59: =AF59/$AI$7 -> 2.6785714
A60: 45176 | U60: 81 | AF60: =SUM(B60:AD60) -> 81 | AG60: =AF60/$AI$7 -> 0.17857143
A61: 45177 | C61: 6 | N61: 30 | P61: 745 | Q61: 85 | S61: 100 | AF61: =SUM(B61:AD61) -> 966 | AG61: =AF61/$AI$7 -> 2.1296296
A62: 45179 | C62: 12 | K62: 53 | N62: 19 | O62: 16 | P62: 229 | S62: 35 | AF62: =SUM(B62:AD62) -> 364 | AG62: =AF62/$AI$7 -> 0.80246914
A63: 45183 | Q63: 249 | AF63: =SUM(B63:AD63) -> 249 | AG63: =AF63/$AI$7 -> 0.5489418
A64: 45184 | E64: 91 | N64: 25 | O64: 27 | P64: 392 | W64: 25 | AC64: 820 | AF64: =SUM(B64:AD64) -> 1380 | AG64: =AF64/$AI$7 -> 3.042328
A65: 45186 | X65: 1214 | AA65: 1201 | AF65: =SUM(B65:AD65) -> 2415 | AG65: =AF65/$AI$7 -> 5.3240741
A66: 45189 | N66: 45 | S66: 72 | AF66: =SUM(B66:AD66) -> 117 | AG66: =AF66/$AI$7 -> 0.25793651
A67: 45204 | N67: 213 | Q67: 240 | S67: 47 | AF67: =SUM(B67:AD67) -> 500 | AG67: =AF67/$AI$7 -> 1.1022928
A68: 45206 | N68: 155 | Q68: 121 | S68: 140 | AF68: =SUM(B68:AD68) -> 416 | AG68: =AF68/$AI$7 -> 0.91710758
A69: 45214 | E69: 138 | N69: 204 | Q69: 322 | S69: 63 | AD69: 1238 | AF69: =SUM(B69:AD69) -> 1965 | AG69: =AF69/$AI$7 -> 4.3320106
A70: 45218 | E70: 25 | H70: 3 | N70: 70 | Q70: 685 | S70: =385+36 -> 421 | AB70: 35 | AF70: =SUM(B70:AD70) -> 1239 | AG70: =AF70/$AI$7 -> 2.7314815
A71: 45227 | Y71: 287 | Z71: 2704 | AA71: =1287+896 -> 2183 | AF71: =SUM(B71:AD71) -> 5174 | AG71: =AF71/$AI$7 -> 11.406526
A72: 45234 | Q72: 645 | S72: 218 | AF72: =SUM(B72:AD72) -> 863 | AG72: =AF72/$AI$7 -> 1.9025573
A73: 45254 | F73: 147 | V73: 369 | AF73: =SUM(B73:AD73) -> 516 | AG73: =AF73/$AI$7 -> 1.1375661
A74: 45368 | AE74: 515
AF75: =SUM(AF3:AF73) -> 45631 | AG75: =SUM(AG3:AG73) -> 100.59744
A76: Totals By Plant | B76: =SUM(B3:B73) -> 1307 | C76: =SUM(C3:C73) -> 800 | D76: =SUM(D3:D73) -> 36 | E76: =SUM(E3:E73) -> 7487 | F76: =SUM(F3:F73) -> 147 | G76: =SUM(G3:G73) -> 6 | H76: =SUM(H3:H73) -> 57 | I76: =SUM(I3:I73) -> 3 | ... AD76: =SUM(AD3:AD73) -> 1238 | AF76: =SUM(B76:AD76) -> 45631
B77: =B76/$AI$7 -> 2.8813933 | C77: =C76/$AI$7 -> 1.7636684 | D77: =D76/$AI$7 -> 0.079365079 | E77: =E76/$AI$7 -> 16.505732 | F77: =F76/$AI$7 -> 0.32407407 | G77: =G76/$AI$7 -> 0.013227513 | H77: =H76/$AI$7 -> 0.12566138 | I77: =I76/$AI$7 -> 0.0066137566 | ... AD77: =AD76/$AI$7 -> 2.7292769 | AF77: =SUM(B77:AD77) -> 100.59744

Sheet 2023 Totals
A1: Item | B1: SubType | C1: Total Weight (g) | D1: Total Weight (lbs)
A2: Green Beans | C2: =SUM('2023 Yield'!E:E) -> 14990.506 | D2: =C2/$I$4 -> 33.047852
A3: Tomato | B3: Red Cherry | C3: =SUM('2023 Yield'!N:N) -> 3896.2901 | D3: =C3/$I$4 -> 8.5897049
B4: Golden Cherry | C4: =SUM('2023 Yield'!O:O) -> 1519.6733 | D4: =C4/$I$4 -> 3.3502497 | H4: Grams to LBS | I4: 453.6
B5: San Marzano | C5: =SUM('2023 Yield'!S:S) -> 7266.0004 | D5: =C5/$I$4 -> 16.018519 | E5: =SUM(D3:D7) -> 55.31664 | H5: Grams to Kilograms | I5: 1000
B6: Golden Jubilee | C6: =SUM('2023 Yield'!R:R) -> 2254.4824 | D6: =C6/$I$4 -> 4.9701992
B7: Large | C7: =SUM('2023 Yield'!P:P) -> 10155.182 | D7: =C7/$I$4 -> 22.387967 | H7: Total (g) | I7: =SUM(C:C) -> 73615.056
A8: Raspberry | C8: =SUM('2023 Yield'!B:B) -> 2616.8814 | D8: =C8/$I$4 -> 5.7691389 | H8: Total (kg) | I8: =I7/I5 -> 73.615056
A9: Strawberry | C9: =SUM('2023 Yield'!C:C) -> 1601.7637 | D9: =C9/$I$4 -> 3.531225 | H9: Total (lbs) | I9: =SUM(D:D) -> 162.29069
A10: Snap Pea | C10: =SUM('2023 Yield'!D:D) -> 72.079365 | D10: =C10/$I$4 -> 0.15890513
A11: Onion | C11: =SUM('2023 Yield'!G:G) -> 12.013228 | D11: =C11/$I$4 -> 0.026484188
A12: Broccoli | C12: =SUM('2023 Yield'!H:H) -> 114.12566 | D12: =C12/$I$4 -> 0.25159978
A13: Blueberries | C13: =SUM('2023 Yield'!I:I) -> 6.0066138 | D13: =C13/$I$4 -> 0.013242094
A14: Cucumber | C14: =SUM('2023 Yield'!J:J) -> 1932.1274 | D14: =C14/$I$4 -> 4.2595402
A15: Green Pepper | C15: =SUM('2023 Yield'!K:K) -> 246.27116 | D15: =C15/$I$4 -> 0.54292585
A16: Plum | C16: =SUM('2023 Yield'!L:L) -> 3389.7324 | D16: =C16/$I$4 -> 7.4729549
A17: Black Berries | C17: =SUM('2023 Yield'!M:M) -> 945.04056 | D17: =C17/$I$4 -> 2.0834228
A18: Peaches | C18: =SUM('2023 Yield'!T:T) -> 3485.8382 | D18: =C18/$I$4 -> 7.6848284
A19: Corn | C19: =SUM('2023 Yield'!U:U) -> 3890.2835 | D19: =C19/$I$4 -> 8.5764628
A20: Banana Pepper | C20: =SUM('2023 Yield'!W:W) -> 90.099206 | D20: =C20/$I$4 -> 0.19863141
A21: Acorn Squash | C21: =SUM('2023 Yield'!X:X) -> 4915.4123 | D21: =C21/$I$4 -> 10.836447
A22: Potatoes | C22: =SUM('2023 Yield'!Y:Y) -> 1395.5366 | D22: =C22/$I$4 -> 3.0765798
A23: Butternut Squash | C23: =SUM('2023 Yield'!AA:AA) -> 8631.504 | D23: =C23/$I$4 -> 19.028889
A24: Jalapeno | C24: =SUM('2023 Yield'!AB:AB) -> 188.20723 | D24: =C24/$I$4 -> 0.41491894

Sheet 2024 Yield
A1: Date | B1: Strawberry | C1: Hulaberry | D1: Raspberry | E1: Blueberry | F1: Zucchini | G1: Green Beans | H1: 2023 Green Beans | I1: Blackberry | J1: Better Boy | K1: Beefsteak | L1: Purple | M1: Heirloom | N1: Bush Goliath | O1: Cherry Tomato | P1: Plum | Q1: Roma | R1: Potato | S1: Cucumber | T1: Spaghetti Squash | U1: Onion | V1: Peach | W1: Corn | X1: Jalapeno | Y1: Cannabis
A2: 45441 | B2: 417
A3: 45448 | B3: 456
A4: 45450 | B4: 283
A5: 45456 | B5: 270 | C5: 28 | D5: 28
A6: 45458 | B6: =35+42 -> 77
A7: 45461 | B7: 51 | C7: 18 | D7: 161
A8: 45463 | D8: 98
A9: 45464 | B9: 40 | D9: 81
A10: 45465 | B10: 40 | D10: 22
A11: 45468 | B11: 122 | D11: 110
A12: 45470 | B12: 44 | D12: 34
A13: 45472 | B13: 202 | C13: 6 | D13: 22
A14: 45474 | B14: 30 | D14: 62
A15: 45476 | B15: 62 | D15: 9
A16: 45478 | B16: 95
A17: 45486 | B17: 47 | E17: 4
A18: 45490 | E18: 12 | F18: 957 | G18: 14
A19: 45491 | E19: 29 | F19: 281 | I19: 29
A20: 45492 | B20: 46 | E20: 6
A21: 45493 | I21: 61
A22: 45494 | F22: 908 | J22: 228 | N22: 356 | O22: 5 | P22: 394
A23: 45495 | B23: 39 | F23: 1039
A24: 45496 | F24: 747
A25: 45497 | E25: 21 | I25: 33
A26: 45498 | J26: 132 | O26: 8
A27: 45499 | B27: 27 | E27: 3 | P27: =1680+1660+146 -> 3486 | R27: 550
A28: 45500 | J28: 339
A29: 45501 | B29: 40 | E29: 15
A30: 45502 | B30: 36 | G30: 70 | O30: 15 | P30: =1233+1736+1019+225 -> 4213 | S30: 948
A31: 45504 | E31: 23 | P31: 9500
A32: 45505 | B32: 74 | E32: 168 | F32: 376 | O32: 17 | P32: 2419 | S32: 404
A33: 45506 | P33: 2122
A34: 45507 | B34: 62 | E34: 10 | G34: 11 | O34: 17
A35: 45508 | F35: 319 | J35: 357 | O35: 6
A36: 45509 | I36: 279 | O36: 36
A37: 45511 | F37: 342 | O37: 37 | T37: 1318
A38: 45513 | B38: 145 | E38: 4 | F38: 420 | G38: 67 | I38: 312 | P38: 51 | S38: 1282 | U38: 133
A39: 45514 | B39: 36 | G39: 38 | J39: 73 | N39: 72 | O39: 53 | P39: =108+268 -> 376 | V39: =1274+473+772 -> 2519
A40: 45515 | F40: 1257
A41: 45516 | F41: 380 | O41: 49
A42: 45517 | F42: 507 | G42: 28 | O42: 24 | S42: 740
A43: 45518 | O43: 35 | Q43: 74 | S43: 440
A44: 45519 | G44: 67 | O44: 64 | Q44: 65
A45: 45520 | O45: 13 | P45: =575-155 -> 420 | V45: =1950+1035 -> 2985
A46: 45521 | B46: 31 | F46: 319 | G46: 36 | I46: 60 | Q46: 61
A47: 45523 | G47: 38 | O47: 9 | Q47: 41 | S47: 385
A48: 45525 | B48: 38 | G48: 50 | N48: 364 | O48: 25 | Q48: 411
A49: 45527 | N49: 624 | O49: 24 | Q49: 110
A50: 45528 | G50: 52 | N50: 357 | O50: 13 | Q50: 256 | S50: 474
A51: 45530 | N51: 186 | O51: 67 | Q51: 174
A52: 45532 | B52: 38 | G52: 132 | O52: 59 | S52: 493
A53: 45535 | F53: 341 | G53: 36 | M53: 720 | N53: 609 | O53: 69 | Q53: 183
A54: 45538 | G54: 46 | M54: 460 | N54: 360 | O54: 55 | S54: 606
A55: 45541 | F55: =2226+400 -> 2626 | G55: 89 | M55: 369 | O55: 57
A56: 45542 | B56: 432 | F56: 1134 | N56: 91 | O56: 61 | Q56: 78
A57: 45543 | B57: 80 | M57: 1081 | O57: 93
A58: 45546 | F58: 1328 | G58: 80 | M58: 1149 | O58: 240 | S58: 889
A59: 45548 | B59: 102 | F59: 459 | O59: 109
A60: 45549 | M60: 304
A61: 45551 | M61: 506 | O61: 72 | S61: 557
A62: 45552 | F62: 351 | M62: 380
A63: 45554 | B63: 176 | G63: 51 | J63: 390 | M63: 452 | S63: 1045
A64: 45557 | B64: 129 | F64: 942 | H64: 84 | J64: 503 | K64: 1056 | L64: 120 | M64: =688+615 -> 1303 | O64: 172 | Q64: =85+148 -> 233 | W64: 327
A65: 45558 | O65: 70
A66: 45560 | G66: 15 | H66: 219 | J66: 243 | K66: 341 | S66: 330 | X66: 34
A67: 45561 | H67: 27 | K67: 175 | L67: 379 | M67: 1262 | Q67: 59
A68: 45562 | M68: 405
A69: 45563 | F69: 348 | J69: 131 | M69: 241 | O69: 51
A70: 45566 | B70: 132 | H70: 16 | K70: 906 | L70: 289 | M70: 350 | O70: 118 | S70: 253
A71: 45570 | H71: 119 | K71: 401 | Q71: 136
A72: 45571 | L72: 223 | Q72: 130 | T72: =2023+1572 -> 3595
A73: 45572 | W73: 135
A74: 45575 | H74: 50 | O74: 35
A75: 45578 | H75: 46
A76: 45579 | S76: 613
A77: 45582 | G77: 67 | K77: 182 | M77: 1185 | O77: 32 | Q77: 68 | S77: 1081 | X77: 40
A78: 45584 | G78: 82
A79: 45585 | G79: 16
A80: 45609 | Y80: =281-259 -> 22
B84: =SUM(B2:B80) -> 3899 | C84: =SUM(C2:C80) -> 52 | D84: =SUM(D2:D80) -> 627 | E84: =SUM(E2:E80) -> 295 | F84: =SUM(F2:F80) -> 15381 | G84: =SUM(G2:G80) -> 1085 | H84: =SUM(H2:H80) -> 561 | I84: =SUM(I2:I80) -> 774 | ... Y84: =SUM(Y2:Y80) -> 22

Sheet 2024 Totals
A1: Strawberry | B1: =SUM('2024 Yield'!B80:B999) -> 3899
A2: Hulaberry | B2: =SUM('2024 Yield'!C80:C999) -> 52
A3: Raspberry | B3: =SUM('2024 Yield'!D80:D999) -> 627
A4: Blueberry | B4: =SUM('2024 Yield'!E80:E999) -> 295
A5: Zucchini | B5: =SUM('2024 Yield'!F80:F999) -> 15381
A6: Green Beans | B6: =SUM('2024 Yield'!G80:G999) -> 1085 | E6: Total (g) | F6: =SUM(B:B) -> 91418
A7: 2023 Green Beans | B7: =SUM('2024 Yield'!H80:H999) -> 561 | E7: Total (lbs) | F7: =F6/453.6 -> 201.5388
A8: Blackberry | B8: =SUM('2024 Yield'!I80:I999) -> 774
A9: Better Boy | B9: =SUM('2024 Yield'!J80:J999) -> 2396
A10: Beefsteak | B10: =SUM('2024 Yield'!K80:K999) -> 3061
A11: Purple | B11: =SUM('2024 Yield'!L80:L999) -> 1011
A12: Heirloom | B12: =SUM('2024 Yield'!M2:M80) -> 10167
A13: Bush Goliath | B13: =SUM('2024 Yield'!N80:N999) -> 3019
A14: Cherry Tomato | B14: =SUM('2024 Yield'!O80:O999) -> 1810
A15: Plum | B15: =SUM('2024 Yield'!P80:P999) -> 22981
A16: Roma | B16: =SUM('2024 Yield'!Q80:Q999) -> 2079
A17: Potato | B17: =SUM('2024 Yield'!R80:R999) -> 550
A18: Cucumber | B18: =SUM('2024 Yield'!S80:S999) -> 10540
A19: Spaghetti Squash | B19: =SUM('2024 Yield'!T80:T999) -> 4913
A20: Onion | B20: =SUM('2024 Yield'!U80:U999) -> 133
A21: Peach | B21: =SUM('2024 Yield'!V80:V999) -> 5504
A22: Corn | B22: =SUM('2024 Yield'!W80:W999) -> 462
A23: Jalapeno | B23: =SUM('2024 Yield'!X80:X999) -> 74
A24: Cannabis | B24: =SUM('2024 Yield'!Y80:Y999) -> 44
A31: Date
A32: Strawberry
A33: Hulaberry
A34: Raspberry
A35: Blueberry
A36: Zucchini
A37: Green Beans
A38: 2023 Green Beans
A39: Blackberry
A40: Better Boy
A41: Beefsteak
A42: Purple
... A985: Cannabis

Sheet 2025 Yield
A1: Date | E1: Lettuce | J1: Peppers | Q1: Tomato
B2: Strawberry | C2: Zucchini | D2: Green Bean | E2: Romaine | F2: Little Gem | G2: Blueberry | H2: Plum | I2: Cucumber | J2: Jalapeno | K2: Anaheim | L2: Poblano | M2: Habanero | N2: Bell | O2: Corn | P2: Blackberry | Q2: Cherry | R2: San Marzano | S2: Heirloom | T2: Beefsteak | U2: Gold | V2: Peach | W2: Cantaloupe
B3: =SUM(B4:B1002) -> 3296 | C3: =SUM(C4:C1002) -> 24614 | D3: =SUM(D4:D1002) -> 1294 | E3: =SUM(E4:E1002) -> 620 | F3: =SUM(F4:F1002) -> 125 | G3: =SUM(G4:G1002) -> 541 | H3: =SUM(H4:H1002) -> 46436.48 | I3: =SUM(I4:I1002) -> 5273 | ... W3: =SUM(W4:W1002) -> 3778
A4: 45805 | B4: =976 + 70 -> 1046 | Z4: Total (g) | AA4: =SUM(A3:W3) -> 134928.48
A5: 45806 | B5: 263 | Z5: Grams to LBS | AA5: 453.6
A6: 45807 | B6: 100 | Z6: Grams to Kilograms | AA6: 1000
A7: 45809 | B7: 84
A8: 45814 | B8: 371
A9: 45818 | B9: 97 | E9: 66 | Z9: Total (kg) | AA9: =AA4/AA6 -> 134.92848
A10: 45822 | B10: 164 | E10: 110 | Z10: Total (lbs) | AA10: =SUM(AA4/AA5) -> 297.46138
A11: 45826 | B11: 65
A12: 45828 | C12: 403
A13: 45833 | B13: 53 | D13: 14
A14: 45835 | F14: 125
A15: 45837 | E15: 248
A16: 45840 | C16: 536 | D16: 97 | E16: =115+81 -> 196
A17: 45841 | B17: 10 | D17: 33
A18: 45842 | B18: 23 | C18: 344 | D18: 21 | G18: 1
A19: 45845 | C19: 1309 | G19: 1 | H19: 348
A20: 45846 | C20: 681 | G20: 4
A21: 45847 | B21: 10 | D21: =128+58+93 -> 279 | H21: =366+345+124 -> 835 | J21: 16
A22: 45848 | G22: 3
A23: 45851 | C23: 1528 | G23: 24 | H23: =1840+915+2300+217+1804 -> 7076
A24: 45852 | C24: 2201 | G24: 31 | H24: =1941+421+164 -> 2526 | I24: 302 | J24: 23 | L24: 31
A25: 45853 | C25: 265 | D25: 229 | G25: 25 | H25: 2270 | O25: 219
A26: 45854 | P26: 50
A27: 45855 | C27: 1019 | I27: 205
A28: 45856 | C28: 579 | I28: 524
A29: 45857 | B29: 17 | C29: 416 | D29: 97 | G29: 47 | H29: 7257.48 | L29: 47 | P29: 147
A30: 45858 | B30: 6 | C30: 451 | H30: =51+4082+416+1000+116 -> 5665 | I30: 255 | Q30: 2
A31: 45859 | C31: 457 | G31: 48
A32: 45860 | G32: 20
A33: 45861 | C33: 660 | G33: 54 | I33: 691
A34: 45862 | B34: 18 | C34: 1152 | G34: 35 | H34: =1922+1311+865+6486 -> 10584 | Q34: 1
A35: 45863 | B35: 26 | D35: 152 | J35: 29 | L35: 52 | Q35: 11
A36: 45864 | B36: 43 | C36: =1000+319+343 -> 1662 | G36: 31 | H36: 3538 | I36: 189 | O36: 463
A37: 45865 | C37: 883 | H37: =3583+313 -> 3896 | Q37: 24
A38: 45866 | C38: 250 | H38: 1279 | I38: 322
A39: 45867 | B39: 7 | G39: 72 | Q39: 16
A40: 45868 | B40: 120 | C40: 566 | D40: 76 | H40: 1162 | I40: 198
A41: 45869 | B41: 54 | O41: =377+423 -> 800
A42: 45870 | B42: 57 | C42: 567 | G42: 44
A43: 45871 | B43: 12 | C43: 1203 | D43: 37 | G43: 31 | I43: 767 | O43: 192 | Q43: 67
A44: 45873 | B44: 51 | C44: 866 | G44: 34 | I44: 290 | Q44: 35
A45: 45874 | C45: 1168
A46: 45875 | B46: 150 | G46: 15 | J46: 104 | L46: 68
A47: 45876 | B47: 91 | C47: 369 | Q47: 30 | V47: 47
A48: 45880 | B48: 100 | C48: 3682 | D48: 62 | I48: 669 | J48: 90 | K48: 135 | L48: 163 | Q48: 50 | R48: 26 | S48: 112 | V48: 1168
A49: 45882 | B49: 24 | C49: 493 | G49: 18 | K49: 124 | Q49: 27 | V49: 1500
A50: 45883 | Q50: 31 | R50: 127 | S50: 154
A51: 45884 | B51: 79 | D51: 81 | G51: 3 | I51: 861 | J51: 171 | K51: 21 | L51: 21 | Q51: 51 | R51: 279 | S51: 719 | V51: 2591 | W51: 744
A52: 45885 | B52: 41 | D52: 40 | J52: 54 | O52: 311 | Q52: 97 | R52: =287+392+330+196 -> 1205 | U52: 876
A53: 45886 | V53: =541+328+75 -> 944
A54: 45887 | Q54: 17 | R54: 585
A55: 45888 | B55: 34 | C55: 433 | Q55: 8 | R55: 356
A56: 45890 | Q56: 12 | R56: 311 | S56: 73 | V56: 141
A57: 45892 | B57: 80 | D57: 53 | J57: 91 | L57: 56 | Q57: 40 | R57: 220
A58: 45893 | R58: 742
A59: 45894 | Q59: 89 | R59: 453 | U59: 237
A60: 45895 | J60: 77 | Q60: 46 | R60: 575 | S60: 64 | W60: 234
A61: 45896 | C61: 471 | Q61: 71 | R61: 256
A62: 45897 | Q62: 13 | R62: 458
A63: 45898 | Q63: 69 | R63: 503 | U63: 284
A64: 45899 | D64: 23 | J64: 45 | Q64: 225 | R64: 1000 | T64: 96 | W64: 2800
A65: 45901 | Q65: 503 | R65: 1120 | U65: 140
A66: 45903 | Q66: 378 | R66: 923
A67: 45905 | Q67: 678 | R67: 1511 | S67: 186 | U67: 64
A68: 45907 | J68: 206 | L68: 82 | N68: 503 | Q68: 493 | R68: 2045 | T68: =2195+713 -> 2908 | U68: 182
A69: 45909 | M69: 57 | R69: 2071 | T69: 2066 | U69: 491
A70: 45911 | Q70: 177 | R70: 319 | T70: 807
A71: 45912 | Q71: 203 | R71: 1987 | T71: 1358 | U71: 153
A72: 45915 | J72: 15 | K72: 202 | L72: 175 | M72: 51
A73: 45918 | J73: 53 | K73: 108 | L73: 284 | Q73: 358 | R73: 1500 | T73: 588 | U73: 217
A74: 45920 | J74: 94 | K74: 100 | L74: 305 | Q74: 222 | R74: 933 | T74: 147 | U74: 81
A75: 45925 | J75: 358 | K75: 176 | L75: 188 | M75: 97 | Q75: =507-457 -> 50 | R75: 304

Sheet 2025 Totals
B1: Total (g) | C1: Total (kg) | D1: Total (lbs) | E1: Gram to LBS Multiplier
A2: Strawberry | B2: =SUM('2025 Yield'!B4:B1000) -> 3296 | C2: =B2/1000 -> 3.296 | D2: =B2/E2 -> 7.2663139 | E2: 453.6
A3: Zucchini | B3: =SUM('2025 Yield'!C4:C1000) -> 24614 | C3: =B3/1000 -> 24.614 | D3: =B3/E2 -> 54.263668
A4: Green Bean | B4: =SUM('2025 Yield'!D4:D1000) -> 1294 | C4: =B4/1000 -> 1.294 | D4: =B4/E2 -> 2.8527337
A5: Romaine | B5: =SUM('2025 Yield'!E6:E1000) -> 620 | C5: =B5/1000 -> 0.62 | D5: =B5 / E$2 -> 1.366843
A6: Little Gem | B6: =SUM('2025 Yield'!F4:F1000) -> 125 | C6: =B6/1000 -> 0.125 | D6: =B6 / E$2 -> 0.27557319
A7: Blueberry | B7: =SUM('2025 Yield'!G4:G1000) -> 541 | C7: =B7/1000 -> 0.541 | D7: =B7 / E$2 -> 1.1926808
A8: Plum | B8: =SUM('2025 Yield'!H4:H1000) -> 46436.48 | C8: =B8/1000 -> 46.43648 | D8: =B8 / E$2 -> 102.37319
A9: Cucumber | B9: =SUM('2025 Yield'!I4:I1000) -> 5273 | C9: =B9/1000 -> 5.273 | D9: =B9 / E$2 -> 11.62478
A10: Jalapeno | B10: =SUM('2025 Yield'!J4:J1000) -> 1426 | C10: =B10/1000 -> 1.426 | D10: =B10 / E$2 -> 3.143739
A11: Anaheim | B11: =SUM('2025 Yield'!K4:K1000) -> 866 | C11: =B11/1000 -> 0.866 | D11: =B11 / E$2 -> 1.9091711
A12: Poblano | B12: =SUM('2025 Yield'!L4:L1000) -> 1472 | C12: =B12/1000 -> 1.472 | D12: =B12 / E$2 -> 3.2451499
A13: Habanero | B13: =SUM('2025 Yield'!M4:M1000) -> 205 | C13: =B13/1000 -> 0.205 | D13: =B13 / E$2 -> 0.45194004
A14: Bell | B14: =SUM('2025 Yield'!N4:N1000) -> 503 | C14: =B14/1000 -> 0.503 | D14: =B14 / E$2 -> 1.1089065
A15: Corn | B15: =SUM('2025 Yield'!O4:O1000) -> 1985 | C15: =B15/1000 -> 1.985 | D15: =B15 / E$2 -> 4.3761023
A16: Blackberry | B16: =SUM('2025 Yield'!P4:P1000) -> 197 | C16: =B16/1000 -> 0.197 | D16: =B16 / E$2 -> 0.43430335
A17: Cherry | B17: =SUM('2025 Yield'!Q4:Q1000) -> 4094 | C17: =B17/1000 -> 4.094 | D17: =B17 / E$2 -> 9.0255732
A18: San Marzano | B18: =SUM('2025 Yield'!R4:R1000) -> 19809 | C18: =B18/1000 -> 19.809 | D18: =B18 / E$2 -> 43.670635
A19: Heirloom | B19: =SUM('2025 Yield'!S4:S1000) -> 1308 | C19: =B19/1000 -> 1.308 | D19: =B19 / E$2 -> 2.8835979
A20: Beefsteak | B20: =SUM('2025 Yield'!T4:T1000) -> 7970 | C20: =B20/1000 -> 7.97 | D20: =B20 / E$2 -> 17.570547
A21: Gold | B21: =SUM('2025 Yield'!U4:U1000) -> 2725 | C21: =B21/1000 -> 2.725 | D21: =B21 / E$2 -> 6.0074956
A22: Peach | B22: =SUM('2025 Yield'!V4:V1000) -> 6391 | C22: =B22/1000 -> 6.391 | D22: =B22 / E$2 -> 14.089506
A23: Cantaloupe | B23: =SUM('2025 Yield'!W4:W1000) -> 3778 | C23: =B23/1000 -> 3.778 | D23: =B23 / E$2 -> 8.3289242
A25: Totals | B25: =SUM(B2:B23) -> 134928.48 | C25: =SUM(C2:C24) -> 134.92848 | D25: =SUM(D2:D24) -> 297.46138
